district,x,y,pop,rural,digital,poverty,lang,gap_water,funded_water,gap_roads,funded_roads,gap_health,funded_health,gap_power,funded_power,gap_broadband,funded_broadband,sector,n,urgent,gap,funded,n_w,demand,severity,vulnerability,cost_eff,demand_n,severity_n,gap_n,vulnerability_n,cost_eff_n,funded_n,priority,stability
D03,0.7756856902451935,0.4662060253252891,582616,0.8568198308518706,0.18729733682066968,0.3161562358700467,hi,1.0,0.0,0.5328012289664414,0.0,0.8879272084979878,0.685278702921739,0.31919525637040724,0.0,0.2651895233082682,0.0,water,18.0,0.7777777777777778,1.0,0.0,41.16192458629489,0.07045895638875237,0.7777777777777778,249923.06708010242,582616.0,0.5095500797593914,0.9999999987142858,0.9999999989489469,0.616629282937505,0.5795141161481218,0.0,0.732286533335041,1.0
D09,0.7970694287520462,0.01179402554250586,168746,0.5331318126137238,0.594413091476861,0.1724060137103426,zu,0.15294732481026907,0.0,0.3865925630555841,0.0,0.2298657558060157,0.4618564963313408,0.10676437448849951,0.0,0.9329542715257199,0.0,broadband,20.0,0.5,0.9329542715257199,0.0,23.685089918514187,0.13770662604924663,0.5,30056.723222149976,196790.3768785989,0.9999999927068117,0.6428571420306123,0.9295313751681088,0.0,0.1915060903883807,0.0,0.6575373264669198,0.996
D20,0.9889601476818849,0.8471502463658693,391145,0.812133843825565,0.20608023138774548,0.0704342878012335,ru,0.7031911630947857,0.0,0.20485637408609228,0.0,0.9418628752827319,0.0,0.6968691992969992,0.9707682391054239,0.610617275180458,0.0,health,22.0,0.5909090909090909,0.9418628752827319,0.0,48.23712690431494,0.12237441450820576,0.5909090909090909,36149.31298664622,184202.4771762321,0.8881792879365393,0.7597402587634509,0.9388947911656883,0.017087059309727162,0.17884698788382736,0.0,0.6445286300659346,0.986
D22,0.16021203385784455,0.7417709473618571,882573,0.7578735708306927,0.09106991285337492,0.21692104720844194,ru,0.337799689593227,0.0,0.5587424812743043,0.6688432617696444,0.22944470511929457,0.0,0.29742249957753397,0.0,0.9071084705198555,0.0,broadband,14.0,0.2857142857142857,0.9071084705198555,0.0,41.047302832655795,0.046518076106071296,0.2857142857142857,240818.2088275808,1000736.8051901506,0.334944733435793,0.36734693830320697,0.9023660647323314,0.591094123180961,0.999999999999999,0.0,0.6198410954364457,0.92
D21,0.21530869823559895,0.6397171669425262,551816,0.5639482106051626,0.14782515005671581,0.24748981969449524,zh,0.28470378933626084,0.0,0.6219464985682007,0.0,0.22818737824566604,0.8071714583104377,0.8944651330233405,0.0,0.2299380295330947,0.0,power,19.0,0.5789473684210527,0.8944651330233405,0.0,47.75967531789097,0.08620542665607524,0.5789473684210527,145302.17543688932,329053.44789627177,0.6243920513968794,0.7443609012986037,0.8890772450916011,0.3232132727276116,0.3245173006115544,0.0,0.6184006478876296,1.0
D06,0.8735534453962619,0.5141176465995139,376236,0.8216129372556062,0.21877684572681572,0.17069722186229638,zu,0.4311725035394834,0.0,0.5335545649956293,0.5757639414987255,0.8675357690761851,0.0,0.70372268216696,0.0,0.6034320037138442,0.0,health,18.0,0.6111111111111112,0.8675357690761851,0.0,38.39780092400228,0.10135109605346952,0.6111111111111112,84877.2075193143,163199.0938070738,0.7348522692004749,0.7857142847040817,0.8607730524184268,0.15374756922454058,0.15772479996532868,0.0,0.6002269419488417,0.956
D15,0.5045482589579533,0.8300477298017456,265034,0.6210714855598841,0.8592099338494738,0.26226360536968485,hi,0.5091249720458425,0.0,0.4197209072923041,0.9777479910281176,0.28921817322191923,0.0,0.8176784676637032,0.0,0.42205101769931314,0.4180211397495413,power,29.0,0.6896551724137931,0.8176784676637032,0.0,26.144735198463767,0.09771221671901312,0.6896551724137931,77924.30271771131,144475.06333252127,0.7083132372634506,0.8866995062491204,0.8083703789608355,0.13424770113688506,0.13889485798293635,0.0,0.5885628757245853,0.878
D19,0.6221792294411627,0.5097908098684232,408818,0.9190321565629788,0.3941959246036883,0.2423001334688014,zh,0.7804714670097878,0.0,0.2560622983371682,0.5672100181442836,0.21948899286597529,0.0,0.8077541352695196,0.0,0.2762750469664398,0.0,water,24.0,0.4166666666666667,0.7804714670097878,0.0,37.255746401632216,0.09061140871752905,0.4166666666666667,140564.58013514834,319070.7842000074,0.6565257079146067,0.5357142850255102,0.769263843902454,0.309926382417342,0.3144781704955325,0.0,0.5632914990407533,0.86
D24,0.04394200796138337,0.5411438213764888,563793,0.5638518132512794,0.19044631099800297,0.4653095345106935,ru,0.19588108609152743,0.0,0.6516815310815657,0.0,0.5187375232864642,0.0,0.5274113480833452,0.0,0.6349607366503012,0.0,roads,23.0,0.391304347826087,0.6516815310815657,0.0,52.21975851695642,0.09223152192097062,0.391304347826087,279089.03187379625,122471.16181768972,0.668341498463252,0.5031055894152618,0.6338987766832098,0.6984271044746435,0.11676649253973416,0.0,0.556722021674224,0.722
D07,0.005265304565574724,0.49687343539350426,607461,0.8041885914505376,0.45812449370113395,0.2038446424093999,ru,0.8308633215020412,0.811324688270894,0.5117051218052325,0.8546383618913929,0.4506488136667264,0.0,0.19770699217158297,0.0,0.3592857013263379,0.0,water,53.0,0.5283018867924528,0.8308633215020412,0.811324688270894,74.84559632019848,0.12259798068976914,0.5283018867924528,161494.63494070686,504717.06414295145,0.8898097981808246,0.6792452821455526,0.8222283610557815,0.36862606541626597,0.5011745489982034,0.8297891633487111,0.5388990815324539,0.502
D24,0.04394200796138337,0.5411438213764888,563793,0.5638518132512794,0.19044631099800297,0.4653095345106935,ru,0.19588108609152743,0.0,0.6516815310815657,0.0,0.5187375232864642,0.0,0.5274113480833452,0.0,0.6349607366503012,0.0,broadband,16.0,0.375,0.6349607366503012,0.0,36.326788533534895,0.06428995093922238,0.375,279089.03187379625,447483.023247854,0.4645583618163148,0.4821428565229592,0.6163243331070538,0.6984271044746435,0.44361676671744626,0.0,0.5370766009789152,0.41
D05,0.30016628491122543,0.6292262544910104,642537,0.7622407754588945,0.48797437737094734,0.34945890514406225,ru,0.3130013045618501,0.0,0.4653354347296289,0.0,0.20034565282359637,0.0,0.45613477770728533,0.0,0.5753535265325476,0.0,broadband,41.0,0.14634146341463414,0.5753535265325476,0.0,55.55748445638933,0.08617016477425622,0.14634146341463414,283423.8927747254,462107.4110970544,0.624134879855385,0.18815330986261822,0.5536739874399961,0.7105845002909886,0.4583238766584766,0.0,0.529218213838427,0.248
D14,0.4450763058826466,0.0037342420520759534,344889,0.6973189956170041,0.18367165043967087,0.17090001346062364,hi,0.5989165080041152,0.0,0.7209783597534736,0.0,0.19954075675602184,0.0,0.6541251556835015,0.0,0.2645983063685792,0.0,power,18.0,0.3333333333333333,0.6541251556835015,0.0,41.506056440975556,0.11931481690482919,0.3333333333333333,70571.81917792029,150400.38054568475,0.8658650667032092,0.42857142802040815,0.6364671560066065,0.11362718881381555,0.1448536914457838,0.0,0.5219341552546155,0.226
D18,0.7926619192137531,0.8803321539808286,749397,0.6017601747933635,0.4155657293784512,0.3465461123764925,hi,0.4157564971199968,0.0,0.3364115360691616,0.0,0.29295969623147217,0.0,0.5085239237052973,0.0,0.2945811613948647,0.0,power,45.0,0.26666666666666666,0.5085239237052973,0.0,67.61165428698372,0.08994274873577432,0.26666666666666666,286127.79715409013,254057.53523531914,0.6516490448049601,0.34285714241632653,0.4834325232002134,0.7181677737894393,0.24909717745796564,0.0,0.5128711582911011,0.05
D13,0.2548695876541246,0.3695363106022067,570630,0.715363575390422,0.342128043065598,0.5574701951030001,zu,0.06724470956892278,0.0,0.19196281063998677,0.0,0.07981600301327799,0.0,0.5464447234513745,0.0,0.35802320375752283,0.0,power,27.0,0.1111111111111111,0.5464447234513745,0.0,45.59824571086705,0.07963297820111057,0.1111111111111111,386618.3558623488,207878.5016953719,0.5764579476745834,0.14285714267346938,0.5232892990394069,0.9999999999999972,0.20265693460843903,0.0,0.5055868206545125,0.12
D16,0.5534973520744925,0.15446108106143985,203163,0.7469725772243465,0.38714637096054616,0.2706474019717209,ru,0.07754086623345029,0.6842032078410303,0.3526001788355519,0.0,0.17840326316194052,0.0,0.6673463712960888,0.4326957839163043,0.3897284715948392,0.0,power,18.0,0.4444444444444444,0.6673463712960888,0.4326957839163043,28.250965273275657,0.1368727910546729,0.4444444444444444,68565.45818801933,90386.72722108486,0.9939186771375758,0.5714285706938775,0.6503633562587399,0.108000220552972,0.08450057400189494,0.442543260067223,0.48684719497982476,0.076
D19,0.6221792294411627,0.5097908098684232,408818,0.9190321565629788,0.3941959246036883,0.2423001334688014,zh,0.7804714670097878,0.0,0.2560622983371682,0.5672100181442836,0.21948899286597529,0.0,0.8077541352695196,0.0,0.2762750469664398,0.0,power,21.0,0.14285714285714285,0.8077541352695196,0.0,32.59877810142819,0.07935774575409096,0.14285714285714285,140564.58013514834,220149.62004840965,0.5744506256311197,0.18367346915160349,0.797939378184552,0.309926382417342,0.21499746390638083,0.0,0.4781096295567728,0.004
D24,0.04394200796138337,0.5411438213764888,563793,0.5638518132512794,0.19044631099800297,0.4653095345106935,ru,0.19588108609152743,0.0,0.6516815310815657,0.0,0.5187375232864642,0.0,0.5274113480833452,0.0,0.6349607366503012,0.0,power,14.0,0.42857142857142855,0.5274113480833452,0.0,31.785939966843035,0.05630664494443718,0.42857142857142855,279089.03187379625,198233.8841133023,0.40633460848861863,0.5510204074548105,0.5032842099962823,0.6984271044746435,0.1929577627469346,0.0,0.46408222624711437,0.002
D03,0.7756856902451935,0.4662060253252891,582616,0.8568198308518706,0.18729733682066968,0.3161562358700467,hi,1.0,0.0,0.5328012289664414,0.0,0.8879272084979878,0.685278702921739,0.31919525637040724,0.0,0.2651895233082682,0.0,health,19.0,0.47368421052631576,0.8879272084979878,0.685278702921739,43.44869817442238,0.07435056857788183,0.47368421052631576,249923.06708010242,258660.29925313182,0.5379323399777693,0.6090225556079484,0.8822055389565663,0.616629282937505,0.25372597677186587,0.7008745694279391,0.46366284514448236,0.024
D05,0.30016628491122543,0.6292262544910104,642537,0.7622407754588945,0.48797437737094734,0.34945890514406225,ru,0.3130013045618501,0.0,0.4653354347296289,0.0,0.20034565282359637,0.0,0.45613477770728533,0.0,0.5753535265325476,0.0,power,37.0,0.21621621621621623,0.45613477770728533,0.0,50.13724207040013,0.07779961237958348,0.21621621621621623,283423.8927747254,195388.98110913733,0.563086865641432,0.2779922776348594,0.4283687465280046,0.7105845002909886,0.19009676769638897,0.0,0.4528192781677663,0.002
D10,0.4679349528437208,0.19240214398531064,128586,0.634214494523466,0.5683774680092275,0.38041032709477257,hi,0.7686930870864599,0.0,0.7484596491611584,0.626956968219572,0.5275280277549066,0.0,0.37143254160621386,0.9634782302474832,0.451015304358894,0.0,water,8.0,0.375,0.7686930870864599,0.0,9.775440200547893,0.07498035521376577,0.375,55480.60368515327,98843.16929609953,0.5425254924588013,0.4821428565229592,0.7568841406394314,0.07130290568491449,0.09300484950317657,0.0,0.4489462746541558,0.0
D06,0.8735534453962619,0.5141176465995139,376236,0.8216129372556062,0.21877684572681572,0.17069722186229638,zu,0.4311725035394834,0.0,0.5335545649956293,0.5757639414987255,0.8675357690761851,0.0,0.70372268216696,0.0,0.6034320037138442,0.0,broadband,10.0,0.6,0.6034320037138442,0.0,21.332111624445712,0.05658698852019204,0.6,84877.2075193143,283791.0541866023,0.40837920695602264,0.7714285704367346,0.5831859591920322,0.15374756922454058,0.27899888251799254,0.0,0.44893650521170503,0.008
D06,0.8735534453962619,0.5141176465995139,376236,0.8216129372556062,0.21877684572681572,0.17069722186229638,zu,0.4311725035394834,0.0,0.5335545649956293,0.5757639414987255,0.8675357690761851,0.0,0.70372268216696,0.0,0.6034320037138442,0.0,power,9.0,0.5555555555555556,0.70372268216696,0.0,19.19890046200114,0.050991475078532356,0.5555555555555556,84877.2075193143,176510.5380318456,0.36757007417546617,0.714285713367347,0.6885967922080203,0.15374756922454058,0.17111153968437384,0.0,0.43829194364608415,0.002
D20,0.9889601476818849,0.8471502463658693,391145,0.812133843825565,0.20608023138774548,0.0704342878012335,ru,0.7031911630947857,0.0,0.20485637408609228,0.0,0.9418628752827319,0.0,0.6968691992969992,0.9707682391054239,0.610617275180458,0.0,water,11.0,0.45454545454545453,0.7031911630947857,0.0,24.11856345215747,0.06149124432517308,0.45454545454545453,36149.31298664622,275049.70748870994,0.44414686767598754,0.584415583664193,0.6880381374155117,0.017087059309727162,0.27020809084560166,0.0,0.4360102047296025,0.0
D05,0.30016628491122543,0.6292262544910104,642537,0.7622407754588945,0.48797437737094734,0.34945890514406225,ru,0.3130013045618501,0.0,0.4653354347296289,0.0,0.20034565282359637,0.0,0.45613477770728533,0.0,0.5753535265325476,0.0,roads,31.0,0.3225806451612903,0.4653354347296289,0.0,42.00687849141632,0.06524378378757437,0.3225806451612903,283423.8927747254,99665.07807495719,0.47151484432050256,0.41474654324555627,0.43803912602865813,0.7105845002909886,0.09383140736643909,0.0,0.4338386024387629,0.0
D18,0.7926619192137531,0.8803321539808286,749397,0.6017601747933635,0.4155657293784512,0.3465461123764925,hi,0.4157564971199968,0.0,0.3364115360691616,0.0,0.29295969623147217,0.0,0.5085239237052973,0.0,0.2945811613948647,0.0,water,28.0,0.32142857142857145,0.4157564971199968,0.0,42.06947377856765,0.0560850047251061,0.32142857142857145,286127.79715409013,311566.67167223425,0.40471814464941985,0.4132653055911079,0.3859290277215441,0.7181677737894393,0.30693161134421343,0.0,0.43365240393392607,0.0
D24,0.04394200796138337,0.5411438213764888,563793,0.5638518132512794,0.19044631099800297,0.4653095345106935,ru,0.19588108609152743,0.0,0.6516815310815657,0.0,0.5187375232864642,0.0,0.5274113480833452,0.0,0.6349607366503012,0.0,health,17.0,0.17647058823529413,0.5187375232864642,0.0,38.59721281688083,0.06828160393661499,0.17647058823529413,279089.03187379625,146230.29223312275,0.49367023848016306,0.22689075601080433,0.4941675591631603,0.6984271044746435,0.1406600152448337,0.0,0.4315396426943812,0.0
D11,0.3030324268193135,0.6920321208818392,621328,0.413993400202583,0.39278274051493534,0.3889118130873276,en,0.2926796204900715,0.0,0.43793128770306367,0.0,0.1844561131276306,0.0,0.13349831107162707,0.7023985355774969,0.43676023129659686,0.0,broadband,25.0,0.28,0.43676023129659686,0.0,38.893390292297546,0.06248207939503866,0.28,220859.00950083678,339214.2012388149,0.4513732143466485,0.3599999995371429,0.4080050685874637,0.5351172667285324,0.3347355277287082,0.0,0.42189115055001797,0.0
D23,0.6125396042730308,0.09149560506304566,401639,0.5899661310577418,0.26062538488813514,0.48282517703941635,pt,0.4388454562701355,0.0,0.19010823372525945,0.0,0.3833221985676352,0.0,0.44063705460116165,0.0,0.07970034270326497,0.0,water,13.0,0.38461538461538464,0.4388454562701355,0.0,25.45897713809893,0.06320068333125241,0.38461538461538464,211367.78128279824,176257.45021088095,0.45661412811717805,0.4945054938697018,0.4101967508542181,0.5084985075879046,0.17085702028526845,0.0,0.4156125794101392,0.0
D14,0.4450763058826466,0.0037342420520759534,344889,0.6973189956170041,0.18367165043967087,0.17090001346062364,hi,0.5989165080041152,0.0,0.7209783597534736,0.0,0.19954075675602184,0.0,0.6541251556835015,0.0,0.2645983063685792,0.0,roads,12.0,0.16666666666666666,0.7209783597534736,0.0,27.670704293983704,0.07977269884169529,0.16666666666666666,70571.81917792029,82885.83517233859,0.5774769566061596,0.21428571401020408,0.7067334264067812,0.11362718881381555,0.07695725354607541,0.0,0.4106569670390574,0.0
D15,0.5045482589579533,0.8300477298017456,265034,0.6210714855598841,0.8592099338494738,0.26226360536968485,hi,0.5091249720458425,0.0,0.4197209072923041,0.9777479910281176,0.28921817322191923,0.0,0.8176784676637032,0.0,0.42205101769931314,0.4180211397495413,water,26.0,0.3076923076923077,0.5091249720458425,0.0,23.440107419312344,0.08769633805502479,0.3076923076923077,77924.30271771131,134935.42784119782,0.6352655488655462,0.3956043950957614,0.4840642569489223,0.13424770113688506,0.1293012620379327,0.0,0.4104687326374813,0.0
D13,0.2548695876541246,0.3695363106022067,570630,0.715363575390422,0.342128043065598,0.5574701951030001,zu,0.06724470956892278,0.0,0.19196281063998677,0.0,0.07981600301327799,0.0,0.5464447234513745,0.0,0.35802320375752283,0.0,broadband,15.0,0.2,0.35802320375752283,0.0,25.33235872825947,0.04442653138178638,0.2,386618.3558623488,255373.47595019406,0.3196907040674892,0.2571428568122449,0.3252482681538465,0.9999999999999972,0.2504205617232839,0.0,0.4033537910390373,0.008
D03,0.7756856902451935,0.4662060253252891,582616,0.8568198308518706,0.18729733682066968,0.3161562358700467,hi,1.0,0.0,0.5328012289664414,0.0,0.8879272084979878,0.685278702921739,0.31919525637040724,0.0,0.2651895233082682,0.0,roads,12.0,0.3333333333333333,0.5328012289664414,0.0,27.441283057529926,0.047109283253975634,0.3333333333333333,249923.06708010242,103472.84027183741,0.3392565184491243,0.42857142802040815,0.5089492612503699,0.616629282937505,0.09766070797281481,0.0,0.40044348368693894,0.0
D01,0.625095466604667,0.03568027877359614,675965,0.6003705374982016,0.45712327609243053,0.11926695216920026,zu,0.19973321328504573,0.0,0.06962499469087248,0.0,0.36213146612681296,0.0,0.25365879936171043,0.40490090903287834,0.4628969336192707,0.0,broadband,30.0,0.36666666666666664,0.4628969336192707,0.0,42.42541719992625,0.06265564710515882,0.36666666666666664,88712.1866941867,391127.65716743784,0.45263907632742323,0.47142857082244893,0.435476131767198,0.164503014633728,0.3869426294299146,0.0,0.39809188807294016,0.0
D10,0.4679349528437208,0.19240214398531064,128586,0.634214494523466,0.5683774680092275,0.38041032709477257,hi,0.7686930870864599,0.0,0.7484596491611584,0.626956968219572,0.5275280277549066,0.0,0.37143254160621386,0.9634782302474832,0.451015304358894,0.0,broadband,9.0,0.4444444444444444,0.451015304358894,0.0,10.99737022561638,0.08412749656891143,0.4444444444444444,55480.60368515327,72492.81740786592,0.6092373161398,0.5714285706938775,0.4229879079637371,0.07130290568491449,0.06650544821532864,0.0,0.3949037105219924,0.0
D21,0.21530869823559895,0.6397171669425262,551816,0.5639482106051626,0.14782515005671581,0.24748981969449524,zh,0.28470378933626084,0.0,0.6219464985682007,0.0,0.22818737824566604,0.8071714583104377,0.8944651330233405,0.0,0.2299380295330947,0.0,roads,11.0,0.36363636363636365,0.6219464985682007,0.0,27.650338341936873,0.050090557514466345,0.36363636363636365,145302.17543688932,114400.00968463674,0.3609995127998866,0.46753246693135436,0.6026456772393112,0.3232132727276116,0.10864968635299985,0.0,0.39387058705158867,0.0
D07,0.005265304565574724,0.49687343539350426,607461,0.8041885914505376,0.45812449370113395,0.2038446424093999,ru,0.8308633215020412,0.811324688270894,0.5117051218052325,0.8546383618913929,0.4506488136667264,0.0,0.19770699217158297,0.0,0.3592857013263379,0.0,health,32.0,0.25,0.4506488136667264,0.0,45.189794004648135,0.07417726114101364,0.25,161494.63494070686,136875.78949940164,0.5366683762188128,0.32142857101530614,0.42260270676907125,0.36862606541626597,0.13125259925127966,0.0,0.3898472749103394,0.0
D08,0.8212284183827663,0.24751492202733083,570510,0.42991064696596965,0.3258486146575752,0.34441986412765596,pt,0.3824107550668793,0.0,0.25826046449739076,0.0,0.42982511913721705,0.0,0.12861996453468583,0.5900553578500509,0.5691835294060491,0.5708077778950895,broadband,26.0,0.34615384615384615,0.5691835294060491,0.5708077778950895,45.150755490591465,0.0788720283255368,0.34615384615384615,182722.7708932878,405906.1192018063,0.5709081969974719,0.44505494448273153,0.5471889925547088,0.42816173613718694,0.40180468506875516,0.5837984660148241,0.38256321888825495,0.0
D08,0.8212284183827663,0.24751492202733083,570510,0.42991064696596965,0.3258486146575752,0.34441986412765596,pt,0.3824107550668793,0.0,0.25826046449739076,0.0,0.42982511913721705,0.0,0.12861996453468583,0.5900553578500509,0.5691835294060491,0.5708077778950895,water,16.0,0.4375,0.3824107550668793,0.0,27.785080301902436,0.04869761747483216,0.4375,182722.7708932878,218169.15987320532,0.35084053889597894,0.5624999992767857,0.3508808806597154,0.42816173613718694,0.21300580136085043,0.0,0.373522512349946,0.0
D20,0.9889601476818849,0.8471502463658693,391145,0.812133843825565,0.20608023138774548,0.0704342878012335,ru,0.7031911630947857,0.0,0.20485637408609228,0.0,0.9418628752827319,0.0,0.6968691992969992,0.9707682391054239,0.610617275180458,0.0,broadband,9.0,0.3333333333333333,0.610617275180458,0.0,19.733370097219748,0.05042157701916714,0.3333333333333333,36149.31298664622,298549.8676255753,0.3634137003558872,0.42857142802040815,0.590738061365674,0.017087059309727162,0.2938411784201762,0.0,0.36763357531073143,0.0
D17,0.9955002834343927,0.26759930456378545,392897,0.20256698947387125,0.2152614543365765,0.13067989213242417,zh,0.5111383784417174,0.0,0.04857332516769433,0.5228431890572801,0.4363640043194389,0.0,0.48490717254134297,0.7067532690226805,0.24149148499942766,0.0,water,9.0,0.5555555555555556,0.5111383784417174,0.0,19.34396223051239,0.04922089827656557,0.5555555555555556,36072.41513932204,200824.73547461545,0.3546569242808241,0.714285713367347,0.4861804540737439,0.016871394357907243,0.19556326912467908,0.0,0.3669502473301732,0.0
D10,0.4679349528437208,0.19240214398531064,128586,0.634214494523466,0.5683774680092275,0.38041032709477257,hi,0.7686930870864599,0.0,0.7484596491611584,0.626956968219572,0.5275280277549066,0.0,0.37143254160621386,0.9634782302474832,0.451015304358894,0.0,roads,12.0,0.25,0.7484596491611584,0.626956968219572,14.66316030082184,0.11156892063434837,0.25,55480.60368515327,32080.47748234557,0.8093727871827957,0.32142857101530614,0.7356177220711257,0.07130290568491449,0.02586451798374872,0.6412255236843711,0.3612605611383413,0.0
D05,0.30016628491122543,0.6292262544910104,642537,0.7622407754588945,0.48797437737094734,0.34945890514406225,ru,0.3130013045618501,0.0,0.4653354347296289,0.0,0.20034565282359637,0.0,0.45613477770728533,0.0,0.5753535265325476,0.0,water,28.0,0.14285714285714285,0.3130013045618501,0.0,37.94169670192442,0.05896586949156982,0.14285714285714285,283423.8927747254,201114.91922925747,0.4257288336600379,0.18367346915160349,0.2779278594042308,0.7105845002909886,0.1958550942886879,0.0,0.3607175745087611,0.0
D10,0.4679349528437208,0.19240214398531064,128586,0.634214494523466,0.5683774680092275,0.38041032709477257,hi,0.7686930870864599,0.0,0.7484596491611584,0.626956968219572,0.5275280277549066,0.0,0.37143254160621386,0.9634782302474832,0.451015304358894,0.0,health,5.0,0.6,0.5275280277549066,0.0,6.109650125342434,0.04753893114832882,0.6,55480.60368515327,33916.35948844621,0.34239002141580566,0.7714285704367346,0.5034068465320504,0.07130290568491449,0.027710784561255943,0.0,0.35913505716019006,0.0
D23,0.6125396042730308,0.09149560506304566,401639,0.5899661310577418,0.26062538488813514,0.48282517703941635,pt,0.4388454562701355,0.0,0.19010823372525945,0.0,0.3833221985676352,0.0,0.44063705460116165,0.0,0.07970034270326497,0.0,power,7.0,0.42857142857142855,0.44063705460116165,0.0,13.708679997437887,0.03430454414966619,0.42857142857142855,211367.78128279824,117984.68398197065,0.2458691459092498,0.5510204074548105,0.4120798159148638,0.5084985075879046,0.11225463717468898,0.0,0.35254673058410146,0.0
D08,0.8212284183827663,0.24751492202733083,570510,0.42991064696596965,0.3258486146575752,0.34441986412765596,pt,0.3824107550668793,0.0,0.25826046449739076,0.0,0.42982511913721705,0.0,0.12861996453468583,0.5900553578500509,0.5691835294060491,0.5708077778950895,health,19.0,0.21052631578947367,0.42982511913721705,0.0,32.99478285850915,0.05774994073004357,0.21052631578947367,182722.7708932878,122609.76435948684,0.4168608363264269,0.2706766913813104,0.40071589714047545,0.42816173613718694,0.11690587907962464,0.0,0.3475988711727653,0.0
D11,0.3030324268193135,0.6920321208818392,621328,0.413993400202583,0.39278274051493534,0.3889118130873276,en,0.2926796204900715,0.0,0.43793128770306367,0.0,0.1844561131276306,0.0,0.13349831107162707,0.7023985355774969,0.43676023129659686,0.0,roads,17.0,0.29411764705882354,0.43793128770306367,0.0,26.44750539876233,0.04261088587736865,0.29411764705882354,220859.00950083678,90699.65704198972,0.3064488596425339,0.37815126001800725,0.4092359111066126,0.5351172667285324,0.08481527389411138,0.0,0.34395620576551095,0.0
D18,0.7926619192137531,0.8803321539808286,749397,0.6017601747933635,0.4155657293784512,0.3465461123764925,hi,0.4157564971199968,0.0,0.3364115360691616,0.0,0.29295969623147217,0.0,0.5085239237052973,0.0,0.2945811613948647,0.0,health,30.0,0.13333333333333333,0.29295969623147217,0.0,45.07443619132248,0.06006826872636118,0.13333333333333333,286127.79715409013,109771.55873838827,0.4337688387853657,0.17142857120816327,0.25686306393499975,0.7181677737894393,0.10399505481388457,0.0,0.3433851275910827,0.0
D18,0.7926619192137531,0.8803321539808286,749397,0.6017601747933635,0.4155657293784512,0.3465461123764925,hi,0.4157564971199968,0.0,0.3364115360691616,0.0,0.29295969623147217,0.0,0.5085239237052973,0.0,0.2945811613948647,0.0,roads,22.0,0.2727272727272727,0.3364115360691616,0.0,33.05458654030315,0.04413521272134085,0.2727272727272727,286127.79715409013,84035.26529854049,0.31756606224158207,0.35064935019851573,0.3025332568583565,0.7181677737894393,0.07811318536420672,0.0,0.342942679289888,0.0
D02,0.8972138009695755,0.5148888202713703,496373,0.4485375634483857,0.22430473060634848,0.08246767210733333,en,0.324117400578515,0.0,0.6269501590340506,0.0,0.1879435179048875,0.827417605195881,0.44445789432939137,0.0,0.1856593713309008,0.0,roads,8.0,0.5,0.6269501590340506,0.0,16.866793611298892,0.034121660205749235,0.5,38828.125077336335,103733.7104300696,0.2445353388817887,0.6428571420306123,0.6079047903091362,0.02459995987296095,0.09792305372957512,0.0,0.34014382258679293,0.0
D06,0.8735534453962619,0.5141176465995139,376236,0.8216129372556062,0.21877684572681572,0.17069722186229638,zu,0.4311725035394834,0.0,0.5335545649956293,0.5757639414987255,0.8675357690761851,0.0,0.70372268216696,0.0,0.6034320037138442,0.0,water,13.0,0.15384615384615385,0.4311725035394834,0.0,27.731745111779425,0.0733735288451711,0.15384615384615385,84877.2075193143,162222.61804168107,0.5308066052976922,0.1978021975478807,0.4021320697541849,0.15374756922454058,0.15674280081538355,0.0,0.33601888416602466,0.0
D12,0.2784256121007733,0.2006067239869952,397858,0.8936546338939253,0.5085796464303748,0.3733757701609417,zh,0.15835778901617015,0.0,0.3796070638522134,0.0,0.3333482131538387,0.0,0.2987529162943795,0.0,0.11744978367808491,0.0,health,19.0,0.21052631578947367,0.3333482131538387,0.0,25.04680963878707,0.06277074098025927,0.21052631578947367,207028.1444870047,66312.62669447999,0.45347847762279564,0.2706766913813104,0.2993135416736387,0.4963277174676658,0.060290299573515824,0.0,0.33496613496862215,0.0
D23,0.6125396042730308,0.09149560506304566,401639,0.5899661310577418,0.26062538488813514,0.48282517703941635,pt,0.4388454562701355,0.0,0.19010823372525945,0.0,0.3833221985676352,0.0,0.44063705460116165,0.0,0.07970034270326497,0.0,health,9.0,0.3333333333333333,0.3833221985676352,0.0,17.625445710991567,0.043936590543528255,0.3333333333333333,211367.78128279824,76978.57225525322,0.3161174733118925,0.42857142802040815,0.3518388562177988,0.5084985075879046,0.07101657650249603,0.0,0.33400793286463876,0.0
D02,0.8972138009695755,0.5148888202713703,496373,0.4485375634483857,0.22430473060634848,0.08246767210733333,en,0.324117400578515,0.0,0.6269501590340506,0.0,0.1879435179048875,0.827417605195881,0.44445789432939137,0.0,0.1856593713309008,0.0,power,15.0,0.3333333333333333,0.44445789432939137,0.0,31.62523802118542,0.06355771761188504,0.3333333333333333,38828.125077336335,147077.932254642,0.45921804633084357,0.42857142802040815,0.41609572152828084,0.02459995987296095,0.1415124498981982,0.0,0.3309919199500584,0.0
D18,0.7926619192137531,0.8803321539808286,749397,0.6017601747933635,0.4155657293784512,0.3465461123764925,hi,0.4157564971199968,0.0,0.3364115360691616,0.0,0.29295969623147217,0.0,0.5085239237052973,0.0,0.2945811613948647,0.0,broadband,19.0,0.15789473684210525,0.2945811613948647,0.0,28.547142921170902,0.038160316719458215,0.15789473684210525,286127.79715409013,275947.7982572843,0.2739900210376631,0.2030075185359828,0.2585673099947122,0.7181677737894393,0.2711112616180569,0.0,0.3256818169014989,0.0
D12,0.2784256121007733,0.2006067239869952,397858,0.8936546338939253,0.5085796464303748,0.3733757701609417,zh,0.15835778901617015,0.0,0.3796070638522134,0.0,0.3333482131538387,0.0,0.2987529162943795,0.0,0.11744978367808491,0.0,roads,19.0,0.10526315789473684,0.3796070638522134,0.0,25.04680963878707,0.06277074098025927,0.10526315789473684,207028.1444870047,50343.235736704635,0.45347847762279564,0.1353383456906552,0.34793405219055007,0.4963277174676658,0.04423057858354361,0.0,0.3244115525957559,0.0
D04,0.22520718999059186,0.9171677731928523,794498,0.2650574159624062,0.501952788367947,0.552961588871571,hi,0.07734484531982441,0.0,0.17394248572822674,0.6728261922534018,0.2237611446056028,0.47902557857126105,0.21965822357303147,0.0,0.43057645627794405,0.709804012066809,broadband,34.0,0.20588235294117646,0.43057645627794405,0.709804012066809,45.215604657566686,0.056856290057767385,0.20588235294117646,336110.28484841477,427615.1666998925,0.41034327376052676,0.26470588201260503,0.40150559240529426,0.8583468708061984,0.4236365286687497,0.725958036072752,0.3102911652380641,0.0
D12,0.2784256121007733,0.2006067239869952,397858,0.8936546338939253,0.5085796464303748,0.3733757701609417,zh,0.15835778901617015,0.0,0.3796070638522134,0.0,0.3333482131538387,0.0,0.2987529162943795,0.0,0.11744978367808491,0.0,power,13.0,0.3076923076923077,0.2987529162943795,0.0,17.13729080548589,0.043137225366069704,0.3076923076923077,207028.1444870047,79240.8251806995,0.3102875526071746,0.3956043950957614,0.26295204610258455,0.4963277174676658,0.07329162574435369,0.0,0.30360783805396563,0.0
D16,0.5534973520744925,0.15446108106143985,203163,0.7469725772243465,0.38714637096054616,0.2706474019717209,ru,0.07754086623345029,0.6842032078410303,0.3526001788355519,0.0,0.17840326316194052,0.0,0.6673463712960888,0.4326957839163043,0.3897284715948392,0.0,broadband,8.0,0.25,0.3897284715948392,0.0,12.555984565900292,0.061475238620400906,0.25,68565.45818801933,98973.00684327788,0.44403013505831007,0.32142857101530614,0.35857218963164256,0.108000220552972,0.09313542146971054,0.0,0.301236719881102,0.0
D20,0.9889601476818849,0.8471502463658693,391145,0.812133843825565,0.20608023138774548,0.0704342878012335,ru,0.7031911630947857,0.0,0.20485637408609228,0.0,0.9418628752827319,0.0,0.6968691992969992,0.9707682391054239,0.610617275180458,0.0,power,20.0,0.3,0.6968691992969992,0.9707682391054239,43.85193354937722,0.11130474720219982,0.3,36149.31298664622,181717.9353060165,0.8074461206164391,0.3857142852183673,0.6813934174824111,0.017087059309727162,0.1763483923313064,0.9928613988680092,0.30088237131084283,0.0
D07,0.005265304565574724,0.49687343539350426,607461,0.8041885914505376,0.45812449370113395,0.2038446424093999,ru,0.8308633215020412,0.811324688270894,0.5117051218052325,0.8546383618913929,0.4506488136667264,0.0,0.19770699217158297,0.0,0.3592857013263379,0.0,broadband,20.0,0.1,0.3592857013263379,0.0,28.243621252905086,0.04650827854172479,0.1,161494.63494070686,272815.0642667482,0.3348732779548061,0.12857142840612246,0.3265752201942763,0.36862606541626597,0.26796080748008516,0.0,0.29687953363038194,0.0
D22,0.16021203385784455,0.7417709473618571,882573,0.7578735708306927,0.09106991285337492,0.21692104720844194,ru,0.337799689593227,0.0,0.5587424812743043,0.6688432617696444,0.22944470511929457,0.0,0.29742249957753397,0.0,0.9071084705198555,0.0,water,9.0,0.1111111111111111,0.337799689593227,0.0,26.38755182099301,0.030001405351482335,0.1111111111111111,240818.2088275808,298132.8854433631,0.21448554466886707,0.14285714267346938,0.3039922799857573,0.591094123180961,0.2934218375998642,0.0,0.2944496989152436,0.0
D22,0.16021203385784455,0.7417709473618571,882573,0.7578735708306927,0.09106991285337492,0.21692104720844194,ru,0.337799689593227,0.0,0.5587424812743043,0.6688432617696444,0.22944470511929457,0.0,0.29742249957753397,0.0,0.9071084705198555,0.0,roads,11.0,0.5454545454545454,0.5587424812743043,0.6688432617696444,32.25145222565812,0.03660807365331792,0.5454545454545454,240818.2088275808,164377.00930856884,0.26266922017563743,0.7012987003970315,0.5362148960773202,0.591094123180961,0.15890937828480198,0.6840650834600845,0.29373680365942356,0.0
D05,0.30016628491122543,0.6292262544910104,642537,0.7622407754588945,0.48797437737094734,0.34945890514406225,ru,0.3130013045618501,0.0,0.4653354347296289,0.0,0.20034565282359637,0.0,0.45613477770728533,0.0,0.5753535265325476,0.0,health,21.0,0.19047619047619047,0.20034565282359637,0.0,28.456272526443318,0.04431740280089252,0.19047619047619047,283423.8927747254,64364.74736415757,0.3188948087856202,0.24489795886880467,0.15952078232737377,0.7105845002909886,0.05833140216472762,0.0,0.28762071741620765,0.0
D07,0.005265304565574724,0.49687343539350426,607461,0.8041885914505376,0.45812449370113395,0.2038446424093999,ru,0.8308633215020412,0.811324688270894,0.5117051218052325,0.8546383618913929,0.4506488136667264,0.0,0.19770699217158297,0.0,0.3592857013263379,0.0,roads,39.0,0.38461538461538464,0.5117051218052325,0.8546383618913929,55.07506144316492,0.09031750099059882,0.38461538461538464,161494.63494070686,103613.63499897612,0.6543821835394835,0.4945054938697018,0.4867761314684515,0.36862606541626597,0.09780229909802965,0.8740885881224245,0.28733104906207263,0.0
D16,0.5534973520744925,0.15446108106143985,203163,0.7469725772243465,0.38714637096054616,0.2706474019717209,ru,0.07754086623345029,0.6842032078410303,0.3526001788355519,0.0,0.17840326316194052,0.0,0.6673463712960888,0.4326957839163043,0.3897284715948392,0.0,roads,8.0,0.25,0.3526001788355519,0.0,12.555984565900292,0.061475238620400906,0.25,68565.45818801933,23878.43671092241,0.44403013505831007,0.32142857101530614,0.31954838075345704,0.108000220552972,0.017616082793845758,0.0,0.2801528668601759,0.0
D15,0.5045482589579533,0.8300477298017456,265034,0.6210714855598841,0.8592099338494738,0.26226360536968485,hi,0.5091249720458425,0.0,0.4197209072923041,0.9777479910281176,0.28921817322191923,0.0,0.8176784676637032,0.0,0.42205101769931314,0.4180211397495413,broadband,26.0,0.15384615384615385,0.42205101769931314,0.4180211397495413,23.440107419312344,0.08769633805502479,0.15384615384615385,77924.30271771131,139822.3367811497,0.6352655488655462,0.1978021975478807,0.3925449033735589,0.13424770113688506,0.1342158135249959,0.42753464405736163,0.27314881852304557,0.0
D03,0.7756856902451935,0.4662060253252891,582616,0.8568198308518706,0.18729733682066968,0.3161562358700467,hi,1.0,0.0,0.5328012289664414,0.0,0.8879272084979878,0.685278702921739,0.31919525637040724,0.0,0.2651895233082682,0.0,power,7.0,0.14285714285714285,0.31919525637040724,0.0,16.007415116892457,0.02765122230832836,0.14285714285714285,249923.06708010242,123978.84232366747,0.19734521735723515,0.18367346915160349,0.28443803193343675,0.616629282937505,0.11828270116234502,0.0,0.26810089117824776,0.0
D03,0.7756856902451935,0.4662060253252891,582616,0.8568198308518706,0.18729733682066968,0.3161562358700467,hi,1.0,0.0,0.5328012289664414,0.0,0.8879272084979878,0.685278702921739,0.31919525637040724,0.0,0.2651895233082682,0.0,broadband,3.0,0.3333333333333333,0.2651895233082682,0.0,6.8603207643824815,0.01208477355181054,0.3333333333333333,249923.06708010242,193129.5741397125,0.08381617648372379,0.42857142802040815,0.22767513634309086,0.616629282937505,0.18782458050855547,0.0,0.26701743075086015,0.0
D17,0.9955002834343927,0.26759930456378545,392897,0.20256698947387125,0.2152614543365765,0.13067989213242417,zh,0.5111383784417174,0.0,0.04857332516769433,0.5228431890572801,0.4363640043194389,0.0,0.48490717254134297,0.7067532690226805,0.24149148499942766,0.0,health,9.0,0.2222222222222222,0.4363640043194389,0.0,19.34396223051239,0.04922089827656557,0.2222222222222222,36072.41513932204,85723.05410254729,0.3546569242808241,0.28571428534693877,0.4075886129769341,0.016871394357907243,0.07981052105809873,0.0,0.26565366064292245,0.0
D01,0.625095466604667,0.03568027877359614,675965,0.6003705374982016,0.45712327609243053,0.11926695216920026,zu,0.19973321328504573,0.0,0.06962499469087248,0.0,0.36213146612681296,0.0,0.25365879936171043,0.40490090903287834,0.4628969336192707,0.0,health,21.0,0.23809523809523808,0.36213146612681296,0.0,29.697792039948375,0.04396507540179979,0.23809523809523808,88712.1866941867,122394.09825020556,0.31632521874500746,0.30612244858600585,0.3295662702381334,0.164503014633728,0.11668899306617503,0.0,0.2653863016259219,0.0
D04,0.22520718999059186,0.9171677731928523,794498,0.2650574159624062,0.501952788367947,0.552961588871571,hi,0.07734484531982441,0.0,0.17394248572822674,0.6728261922534018,0.2237611446056028,0.47902557857126105,0.21965822357303147,0.0,0.43057645627794405,0.709804012066809,power,11.0,0.18181818181818182,0.21965822357303147,0.0,14.628577977448046,0.018598499944322895,0.18181818181818182,336110.28484841477,116345.34620821757,0.13132200915122738,0.23376623346567718,0.17981932055423241,0.8583468708061984,0.11060602657179193,0.0,0.26475930251047647,0.0
D13,0.2548695876541246,0.3695363106022067,570630,0.715363575390422,0.342128043065598,0.5574701951030001,zu,0.06724470956892278,0.0,0.19196281063998677,0.0,0.07981600301327799,0.0,0.5464447234513745,0.0,0.35802320375752283,0.0,roads,6.0,0.16666666666666666,0.19196281063998677,0.0,10.132943491303788,0.018021696267293243,0.16666666666666666,386618.3558623488,36513.24621183189,0.12711527136216857,0.21428571401020408,0.15070996968511072,0.9999999999999972,0.030322360439785694,0.0,0.2625032849974263,0.0
D09,0.7970694287520462,0.01179402554250586,168746,0.5331318126137238,0.594413091476861,0.1724060137103426,zu,0.15294732481026907,0.0,0.3865925630555841,0.0,0.2298657558060157,0.4618564963313408,0.10676437448849951,0.0,0.9329542715257199,0.0,roads,8.0,0.25,0.3865925630555841,0.0,9.474035967405674,0.055914504497622364,0.25,30056.723222149976,21745.316215125862,0.40347465439690866,0.32142857101530614,0.35527618309859915,0.0,0.015470896412532688,0.0,0.2603963622078982,0.0
D21,0.21530869823559895,0.6397171669425262,551816,0.5639482106051626,0.14782515005671581,0.24748981969449524,zh,0.28470378933626084,0.0,0.6219464985682007,0.0,0.22818737824566604,0.8071714583104377,0.8944651330233405,0.0,0.2299380295330947,0.0,water,11.0,0.09090909090909091,0.28470378933626084,0.0,27.650338341936873,0.050090557514466345,0.09090909090909091,145302.17543688932,157104.1062163781,0.3609995127998866,0.11688311673283859,0.24818566702683648,0.3232132727276116,0.15159533639325318,0.0,0.2591000294747306,0.0
D02,0.8972138009695755,0.5148888202713703,496373,0.4485375634483857,0.22430473060634848,0.08246767210733333,en,0.324117400578515,0.0,0.6269501590340506,0.0,0.1879435179048875,0.827417605195881,0.44445789432939137,0.0,0.1856593713309008,0.0,water,12.0,0.25,0.324117400578515,0.0,25.300190416948336,0.05094226443782684,0.25,38828.125077336335,160883.12647735924,0.36721117170982004,0.32142857101530614,0.28961146708418223,0.02459995987296095,0.15539573248645921,0.0,0.2577798577902005,0.0
D22,0.16021203385784455,0.7417709473618571,882573,0.7578735708306927,0.09106991285337492,0.21692104720844194,ru,0.337799689593227,0.0,0.5587424812743043,0.6688432617696444,0.22944470511929457,0.0,0.29742249957753397,0.0,0.9071084705198555,0.0,power,6.0,0.16666666666666666,0.29742249957753397,0.0,17.59170121399534,0.02009140289872896,0.16666666666666666,240818.2088275808,174998.0451464286,0.1422100314087115,0.21428571401020408,0.26155370742800227,0.591094123180961,0.16959049146134889,0.0,0.25429698557749114,0.0
D08,0.8212284183827663,0.24751492202733083,570510,0.42991064696596965,0.3258486146575752,0.34441986412765596,pt,0.3824107550668793,0.0,0.25826046449739076,0.0,0.42982511913721705,0.0,0.12861996453468583,0.5900553578500509,0.5691835294060491,0.5708077778950895,roads,12.0,0.25,0.25826046449739076,0.0,20.83881022642683,0.03662785313455031,0.25,182722.7708932878,49113.3925334688,0.2628134756553819,0.32142857101530614,0.22039232728708458,0.42816173613718694,0.04299377883597624,0.0,0.2528297374166561,0.0
D11,0.3030324268193135,0.6920321208818392,621328,0.413993400202583,0.39278274051493534,0.3889118130873276,en,0.2926796204900715,0.0,0.43793128770306367,0.0,0.1844561131276306,0.0,0.13349831107162707,0.7023985355774969,0.43676023129659686,0.0,health,12.0,0.25,0.1844561131276306,0.0,18.668827340302823,0.0301913899288249,0.25,220859.00950083678,57303.87392868223,0.21587113795246232,0.32142857101530614,0.14282003165516285,0.5351172667285324,0.05123058926465711,0.0,0.23663281335080374,0.0
D14,0.4450763058826466,0.0037342420520759534,344889,0.6973189956170041,0.18367165043967087,0.17090001346062364,hi,0.5989165080041152,0.0,0.7209783597534736,0.0,0.19954075675602184,0.0,0.6541251556835015,0.0,0.2645983063685792,0.0,water,3.0,0.0,0.5989165080041152,0.0,6.917676073495926,0.020459521746994468,0.0,70571.81917792029,206559.7155290313,0.14489479146058562,0.0,0.5784399332244727,0.11362718881381555,0.20133068879650634,0.0,0.23532210238584217,0.0
D11,0.3030324268193135,0.6920321208818392,621328,0.413993400202583,0.39278274051493534,0.3889118130873276,en,0.2926796204900715,0.0,0.43793128770306367,0.0,0.1844561131276306,0.0,0.13349831107162707,0.7023985355774969,0.43676023129659686,0.0,water,10.0,0.0,0.2926796204900715,0.0,15.557356116919019,0.025223591549407405,0.0,220859.00950083678,181850.04323985515,0.17964004927643373,0.0,0.25656868944612427,0.5351172667285324,0.17648124752682515,0.0,0.2247739642827648,0.0
D04,0.22520718999059186,0.9171677731928523,794498,0.2650574159624062,0.501952788367947,0.552961588871571,hi,0.07734484531982441,0.0,0.17394248572822674,0.6728261922534018,0.2237611446056028,0.47902557857126105,0.21965822357303147,0.0,0.43057645627794405,0.709804012066809,health,22.0,0.22727272727272727,0.2237611446056028,0.47902557857126105,29.257155954896092,0.03689570391162243,0.22727272727272727,336110.28484841477,88888.89093343112,0.2647669617904575,0.2922077918320965,0.18413170860976188,0.8583468708061984,0.08299426528091877,0.48992744805093447,0.2125098652672729,0.0
D14,0.4450763058826466,0.0037342420520759534,344889,0.6973189956170041,0.18367165043967087,0.17090001346062364,hi,0.5989165080041152,0.0,0.7209783597534736,0.0,0.19954075675602184,0.0,0.6541251556835015,0.0,0.2645983063685792,0.0,broadband,6.0,0.16666666666666666,0.2645983063685792,0.0,13.835352146991852,0.04023058077856141,0.16666666666666666,70571.81917792029,114071.30660644111,0.2890888465091103,0.21428571401020408,0.22705373591917288,0.11362718881381555,0.10831912398288036,0.0,0.2089248919535613,0.0
D15,0.5045482589579533,0.8300477298017456,265034,0.6210714855598841,0.8592099338494738,0.26226360536968485,hi,0.5091249720458425,0.0,0.4197209072923041,0.9777479910281176,0.28921817322191923,0.0,0.8176784676637032,0.0,0.42205101769931314,0.4180211397495413,health,12.0,0.16666666666666666,0.28921817322191923,0.0,10.818511116605697,0.0409555709564126,0.16666666666666666,77924.30271771131,38326.32466084907,0.294376336341992,0.21428571401020408,0.2529305244082098,0.13424770113688506,0.03214569447307082,0.0,0.20864739844767402,0.0
D21,0.21530869823559895,0.6397171669425262,551816,0.5639482106051626,0.14782515005671581,0.24748981969449524,zh,0.28470378933626084,0.0,0.6219464985682007,0.0,0.22818737824566604,0.8071714583104377,0.8944651330233405,0.0,0.2299380295330947,0.0,broadband,5.0,0.2,0.2299380295330947,0.0,12.568335609971307,0.023004405658259692,0.2,145302.17543688932,158604.35463104272,0.16345510885214215,0.2571428568122449,0.19062394293994644,0.3232132727276116,0.15310407088531164,0.0,0.20671154845440448,0.0
D24,0.04394200796138337,0.5411438213764888,563793,0.5638518132512794,0.19044631099800297,0.4653095345106935,ru,0.19588108609152743,0.0,0.6516815310815657,0.0,0.5187375232864642,0.0,0.5274113480833452,0.0,0.6349607366503012,0.0,water,5.0,0.0,0.19588108609152743,0.0,11.352121416729656,0.02038176796790375,0.0,279089.03187379625,110436.38517080052,0.1443277185139854,0.0,0.1548282854219624,0.6984271044746435,0.10466364180255122,0.0,0.2024689988512654,0.0
D19,0.6221792294411627,0.5097908098684232,408818,0.9190321565629788,0.3941959246036883,0.2423001334688014,zh,0.7804714670097878,0.0,0.2560622983371682,0.5672100181442836,0.21948899286597529,0.0,0.8077541352695196,0.0,0.2762750469664398,0.0,broadband,9.0,0.0,0.2762750469664398,0.0,13.97090490061208,0.03434309390033856,0.0,140564.58013514834,141182.76518840747,0.24615029649717143,0.0,0.23932661084949353,0.309926382417342,0.135583937125023,0.0,0.20050328959287958,0.0
D04,0.22520718999059186,0.9171677731928523,794498,0.2650574159624062,0.501952788367947,0.552961588871571,hi,0.07734484531982441,0.0,0.17394248572822674,0.6728261922534018,0.2237611446056028,0.47902557857126105,0.21965822357303147,0.0,0.43057645627794405,0.709804012066809,water,10.0,0.1,0.07734484531982441,0.0,13.298707252225496,0.016935117765477483,0.1,336110.28484841477,61450.324916909856,0.11919064982038828,0.12857142840612246,0.030240396746245134,0.8583468708061984,0.05540049443797292,0.0,0.19966511318022181,0.0
D19,0.6221792294411627,0.5097908098684232,408818,0.9190321565629788,0.3941959246036883,0.2423001334688014,zh,0.7804714670097878,0.0,0.2560622983371682,0.5672100181442836,0.21948899286597529,0.0,0.8077541352695196,0.0,0.2762750469664398,0.0,health,10.0,0.1,0.21948899286597529,0.0,15.523227667346756,0.03809431488815126,0.1,140564.58013514834,44865.52554274114,0.2735086572583338,0.12857142840612246,0.17964145008732738,0.309926382417342,0.03872188400579903,0.0,0.1985459139237215,0.0
D12,0.2784256121007733,0.2006067239869952,397858,0.8936546338939253,0.5085796464303748,0.3733757701609417,zh,0.15835778901617015,0.0,0.3796070638522134,0.0,0.3333482131538387,0.0,0.2987529162943795,0.0,0.11744978367808491,0.0,water,9.0,0.1111111111111111,0.15835778901617015,0.0,11.86427824995177,0.03004821495661,0.1111111111111111,207028.1444870047,63003.91322239542,0.21482693593009397,0.14285714267346938,0.1153893060150291,0.4963277174676658,0.056962870535179934,0.0,0.19771756688423273,0.0
D22,0.16021203385784455,0.7417709473618571,882573,0.7578735708306927,0.09106991285337492,0.21692104720844194,ru,0.337799689593227,0.0,0.5587424812743043,0.6688432617696444,0.22944470511929457,0.0,0.29742249957753397,0.0,0.9071084705198555,0.0,health,5.0,0.0,0.22944470511929457,0.0,14.659751011662783,0.01678806874781117,0.0,240818.2088275808,101250.85086562559,0.11811819365532633,0.0,0.19010543276324937,0.591094123180961,0.09542614999870112,0.0,0.18593985726435958,0.0
D23,0.6125396042730308,0.09149560506304566,401639,0.5899661310577418,0.26062538488813514,0.48282517703941635,pt,0.4388454562701355,0.0,0.19010823372525945,0.0,0.3833221985676352,0.0,0.44063705460116165,0.0,0.07970034270326497,0.0,roads,6.0,0.0,0.19010823372525945,0.0,11.750297140661045,0.029488520952735145,0.0,211367.78128279824,25451.62696172649,0.2107449822079284,0.0,0.14876071078598962,0.5084985075879046,0.019198171713758927,0.0,0.17956817425412544,0.0
D13,0.2548695876541246,0.3695363106022067,570630,0.715363575390422,0.342128043065598,0.5574701951030001,zu,0.06724470956892278,0.0,0.19196281063998677,0.0,0.07981600301327799,0.0,0.5464447234513745,0.0,0.35802320375752283,0.0,water,3.0,0.0,0.06724470956892278,0.0,5.066471745651894,0.009220084562462198,0.0,386618.3558623488,38371.848621314406,0.06292346046039503,0.0,0.019624617298957665,0.9999999999999972,0.03219147593745884,0.0,0.17861191385347633,0.0
D12,0.2784256121007733,0.2006067239869952,397858,0.8936546338939253,0.5085796464303748,0.3733757701609417,zh,0.15835778901617015,0.0,0.3796070638522134,0.0,0.3333482131538387,0.0,0.2987529162943795,0.0,0.11744978367808491,0.0,broadband,6.0,0.16666666666666666,0.11744978367808491,0.0,7.90951883330118,0.020231457149515217,0.16666666666666666,207028.1444870047,58410.42004324438,0.14323147342228346,0.21428571401020408,0.07239281834318723,0.4963277174676658,0.052343394499959686,0.0,0.17551117050915627,0.0
D15,0.5045482589579533,0.8300477298017456,265034,0.6210714855598841,0.8592099338494738,0.26226360536968485,hi,0.5091249720458425,0.0,0.4197209072923041,0.9777479910281176,0.28921817322191923,0.0,0.8176784676637032,0.0,0.42205101769931314,0.4180211397495413,roads,29.0,0.20689655172413793,0.4197209072923041,0.9777479910281176,26.144735198463767,0.09771221671901312,0.20689655172413793,77924.30271771131,37080.10364776951,0.7083132372634506,0.2660098518747361,0.3900958335017575,0.13424770113688506,0.030892424275427263,0.9999999989772416,0.17469042635208346,0.0
D01,0.625095466604667,0.03568027877359614,675965,0.6003705374982016,0.45712327609243053,0.11926695216920026,zu,0.19973321328504573,0.0,0.06962499469087248,0.0,0.36213146612681296,0.0,0.25365879936171043,0.40490090903287834,0.4628969336192707,0.0,water,11.0,0.18181818181818182,0.19973321328504573,0.0,15.555986306639625,0.02319777350917866,0.18181818181818182,88712.1866941867,135012.66151822594,0.16486537698676795,0.23376623346567718,0.15887707582417437,0.164503014633728,0.12937893258325164,0.0,0.1683261091544725,0.0
D17,0.9955002834343927,0.26759930456378545,392897,0.20256698947387125,0.2152614543365765,0.13067989213242417,zh,0.5111383784417174,0.0,0.04857332516769433,0.5228431890572801,0.4363640043194389,0.0,0.48490717254134297,0.7067532690226805,0.24149148499942766,0.0,power,10.0,0.3,0.48490717254134297,0.7067532690226805,21.493291367235987,0.054622620673878436,0.3,36072.41513932204,127012.38224665068,0.3940527024974273,0.3857142852183673,0.45861006261144077,0.016871394357907243,0.12133340014666238,0.7228378629105444,0.16688861577841996,0.0
D13,0.2548695876541246,0.3695363106022067,570630,0.715363575390422,0.342128043065598,0.5574701951030001,zu,0.06724470956892278,0.0,0.19196281063998677,0.0,0.07981600301327799,0.0,0.5464447234513745,0.0,0.35802320375752283,0.0,health,1.0,0.0,0.07981600301327799,0.0,1.688823915217298,0.003352343425908169,0.0,386618.3558623488,22772.70289973341,0.02012891985921268,0.0,0.032837714812076965,0.9999999999999972,0.01650409445666826,0.0,0.16672371882928286,0.0
D06,0.8735534453962619,0.5141176465995139,376236,0.8216129372556062,0.21877684572681572,0.17069722186229638,zu,0.4311725035394834,0.0,0.5335545649956293,0.5757639414987255,0.8675357690761851,0.0,0.70372268216696,0.0,0.6034320037138442,0.0,roads,10.0,0.0,0.5335545649956293,0.5757639414987255,21.332111624445712,0.05658698852019204,0.0,84877.2075193143,66914.14510523186,0.40837920695602264,0.0,0.5097410574531922,0.15374756922454058,0.06089522044197907,0.5888674241145032,0.16437196007718216,0.0
D09,0.7970694287520462,0.01179402554250586,168746,0.5331318126137238,0.594413091476861,0.1724060137103426,zu,0.15294732481026907,0.0,0.3865925630555841,0.0,0.2298657558060157,0.4618564963313408,0.10676437448849951,0.0,0.9329542715257199,0.0,water,6.0,0.16666666666666666,0.15294732481026907,0.0,7.105526975554256,0.04228248423901832,0.16666666666666666,30056.723222149976,25809.249272433666,0.3040537646785915,0.21428571401020408,0.10970262059477008,0.0,0.019557816896529658,0.0,0.15371831418828005,0.0
D17,0.9955002834343927,0.26759930456378545,392897,0.20256698947387125,0.2152614543365765,0.13067989213242417,zh,0.5111383784417174,0.0,0.04857332516769433,0.5228431890572801,0.4363640043194389,0.0,0.48490717254134297,0.7067532690226805,0.24149148499942766,0.0,broadband,6.0,0.0,0.24149148499942766,0.0,12.895974820341593,0.033015731084626965,0.0,36072.41513932204,118601.59997727515,0.2364695896310146,0.0,0.20276723864502644,0.016871394357907243,0.11287504272334377,0.0,0.14109465211274863,0.0
D09,0.7970694287520462,0.01179402554250586,168746,0.5331318126137238,0.594413091476861,0.1724060137103426,zu,0.15294732481026907,0.0,0.3865925630555841,0.0,0.2298657558060157,0.4618564963313408,0.10676437448849951,0.0,0.9329542715257199,0.0,power,6.0,0.16666666666666666,0.10676437448849951,0.0,7.105526975554256,0.04228248423901832,0.16666666666666666,30056.723222149976,12010.70742495756,0.3040537646785915,0.21428571401020408,0.06116188540740651,0.0,0.005681224312325527,0.0,0.13950164150380853,0.0
D07,0.005265304565574724,0.49687343539350426,607461,0.8041885914505376,0.45812449370113395,0.2038446424093999,ru,0.8308633215020412,0.811324688270894,0.5117051218052325,0.8546383618913929,0.4506488136667264,0.0,0.19770699217158297,0.0,0.3592857013263379,0.0,power,6.0,0.0,0.19770699217158297,0.0,8.473086375871526,0.014227798842554462,0.0,161494.63494070686,80066.19144769464,0.0994456633134649,0.0,0.15674740975012802,0.36862606541626597,0.07412166065285615,0.0,0.1354327103419398,0.0
D16,0.5534973520744925,0.15446108106143985,203163,0.7469725772243465,0.38714637096054616,0.2706474019717209,ru,0.07754086623345029,0.6842032078410303,0.3526001788355519,0.0,0.17840326316194052,0.0,0.6673463712960888,0.4326957839163043,0.3897284715948392,0.0,health,4.0,0.0,0.17840326316194052,0.0,6.277992282950146,0.031316217646692096,0.0,68565.45818801933,18122.47107688466,0.22407471822660377,0.0,0.13645816466168692,0.108000220552972,0.011827558838553213,0.0,0.11931112354213164,0.0
D04,0.22520718999059186,0.9171677731928523,794498,0.2650574159624062,0.501952788367947,0.552961588871571,hi,0.07734484531982441,0.0,0.17394248572822674,0.6728261922534018,0.2237611446056028,0.47902557857126105,0.21965822357303147,0.0,0.43057645627794405,0.709804012066809,roads,9.0,0.2222222222222222,0.17394248572822674,0.6728261922534018,11.968836527002946,0.015271735586632071,0.2222222222222222,336110.28484841477,46065.65234203489,0.10705929048954917,0.28571428534693877,0.13176965051022957,0.8583468708061984,0.03992879926012574,0.6881386591833093,0.10503096124974973,0.0
D14,0.4450763058826466,0.0037342420520759534,344889,0.6973189956170041,0.18367165043967087,0.17090001346062364,hi,0.5989165080041152,0.0,0.7209783597534736,0.0,0.19954075675602184,0.0,0.6541251556835015,0.0,0.2645983063685792,0.0,health,3.0,0.0,0.19954075675602184,0.0,6.917676073495926,0.020459521746994468,0.0,70571.81917792029,34409.706028413806,0.14489479146058562,0.0,0.1586747937840418,0.11362718881381555,0.028206921690354797,0.0,0.1044122524598117,0.0
D19,0.6221792294411627,0.5097908098684232,408818,0.9190321565629788,0.3941959246036883,0.2423001334688014,zh,0.7804714670097878,0.0,0.2560622983371682,0.5672100181442836,0.21948899286597529,0.0,0.8077541352695196,0.0,0.2762750469664398,0.0,roads,12.0,0.08333333333333333,0.2560622983371682,0.5672100181442836,18.627873200816108,0.04559675686377666,0.08333333333333333,140564.58013514834,34894.29222720148,0.3282253787806585,0.10714285700510204,0.21808193783085075,0.309926382417342,0.028694248925857917,0.5801188269052177,0.103828855963112,0.0
D10,0.4679349528437208,0.19240214398531064,128586,0.634214494523466,0.5683774680092275,0.38041032709477257,hi,0.7686930870864599,0.0,0.7484596491611584,0.626956968219572,0.5275280277549066,0.0,0.37143254160621386,0.9634782302474832,0.451015304358894,0.0,power,7.0,0.2857142857142857,0.37143254160621386,0.9634782302474832,8.553510175479406,0.06583321385862012,0.2857142857142857,55480.60368515327,31840.683196651076,0.4758136687778028,0.36734693830320697,0.3393421948739067,0.07130290568491449,0.02562336731410667,0.9854054808631876,0.10013953487451427,0.0
D02,0.8972138009695755,0.5148888202713703,496373,0.4485375634483857,0.22430473060634848,0.08246767210733333,en,0.324117400578515,0.0,0.6269501590340506,0.0,0.1879435179048875,0.827417605195881,0.44445789432939137,0.0,0.1856593713309008,0.0,broadband,4.0,0.0,0.1856593713309008,0.0,8.433396805649446,0.017301055973671632,0.0,38828.125077336335,115195.37390704152,0.12185950605375737,0.0,0.1440847199741209,0.02459995987296095,0.10944954951190183,0.0,0.09268645821738686,0.0
D23,0.6125396042730308,0.09149560506304566,401639,0.5899661310577418,0.26062538488813514,0.48282517703941635,pt,0.4388454562701355,0.0,0.19010823372525945,0.0,0.3833221985676352,0.0,0.44063705460116165,0.0,0.07970034270326497,0.0,broadband,0.0,0.0,0.07970034270326497,0.0,0.0,0.0005923817711489092,0.0,211367.78128279824,40013.457428745794,0.0,0.0,0.03271614967947036,0.5084985075879046,0.03384237042001848,0.0,0.08953016912105605,0.0
D01,0.625095466604667,0.03568027877359614,675965,0.6003705374982016,0.45712327609243053,0.11926695216920026,zu,0.19973321328504573,0.0,0.06962499469087248,0.0,0.36213146612681296,0.0,0.25365879936171043,0.40490090903287834,0.4628969336192707,0.0,power,14.0,0.07142857142857142,0.25365879936171043,0.40490090903287834,19.79852802663225,0.029427964076964998,0.07142857142857142,88712.1866941867,114309.6468736924,0.21030332951423983,0.09183673457580174,0.21555573267336428,0.164503014633728,0.10855881240949926,0.41411581750528864,0.08889155276440963,0.0
D20,0.9889601476818849,0.8471502463658693,391145,0.812133843825565,0.20608023138774548,0.0704342878012335,ru,0.7031911630947857,0.0,0.20485637408609228,0.0,0.9418628752827319,0.0,0.6968691992969992,0.9707682391054239,0.610617275180458,0.0,roads,3.0,0.0,0.20485637408609228,0.0,6.5777900324065826,0.017212575101149336,0.0,36149.31298664622,26709.515480634855,0.12121419839558635,0.0,0.16426179009715272,0.017087059309727162,0.02046317541387323,0.0,0.08306224225150416,0.0
D01,0.625095466604667,0.03568027877359614,675965,0.6003705374982016,0.45712327609243053,0.11926695216920026,zu,0.19973321328504573,0.0,0.06962499469087248,0.0,0.36213146612681296,0.0,0.25365879936171043,0.40490090903287834,0.4628969336192707,0.0,roads,4.0,0.0,0.06962499469087248,0.0,5.6567222933235,0.008660662184343866,0.0,88712.1866941867,15688.019845405206,0.05884348775600023,0.0,0.022126423462703736,0.164503014633728,0.009379337259869997,0.0,0.0492670049765157,0.0
D08,0.8212284183827663,0.24751492202733083,570510,0.42991064696596965,0.3258486146575752,0.34441986412765596,pt,0.3824107550668793,0.0,0.25826046449739076,0.0,0.42982511913721705,0.0,0.12861996453468583,0.5900553578500509,0.5691835294060491,0.5708077778950895,power,4.0,0.25,0.12861996453468583,0.5900553578500509,6.946270075475609,0.012488324453986604,0.25,182722.7708932878,48919.31731112241,0.08675934917418766,0.32142857101530614,0.0841332720642575,0.42816173613718694,0.042798605837194324,0.6034840906460102,0.04522264158757176,0.0
D11,0.3030324268193135,0.6920321208818392,621328,0.413993400202583,0.39278274051493534,0.3889118130873276,en,0.2926796204900715,0.0,0.43793128770306367,0.0,0.1844561131276306,0.0,0.13349831107162707,0.7023985355774969,0.43676023129659686,0.0,power,5.0,0.0,0.13349831107162707,0.7023985355774969,7.778678058459509,0.012804095600863654,0.0,220859.00950083678,55297.49241434127,0.08906232758636211,0.0,0.08926067353497376,0.5351172667285324,0.049212858757278856,0.7183840225747021,-0.006993419032416681,0.0
D21,0.21530869823559895,0.6397171669425262,551816,0.5639482106051626,0.14782515005671581,0.24748981969449524,zh,0.28470378933626084,0.0,0.6219464985682007,0.0,0.22818737824566604,0.8071714583104377,0.8944651330233405,0.0,0.2299380295330947,0.0,health,4.0,0.0,0.22818737824566604,0.8071714583104377,10.054668487977045,0.01849004701555858,0.0,145302.17543688932,62958.723157005224,0.13053104152751807,0.0,0.18878391539825787,0.3232132727276116,0.05691742485452723,0.825541412400288,-0.02173338653491691,0.0
D09,0.7970694287520462,0.01179402554250586,168746,0.5331318126137238,0.594413091476861,0.1724060137103426,zu,0.15294732481026907,0.0,0.3865925630555841,0.0,0.2298657558060157,0.4618564963313408,0.10676437448849951,0.0,0.9329542715257199,0.0,health,1.0,0.0,0.2298657558060157,0.4618564963313408,1.1842544959257093,0.008202433592508204,0.0,30056.723222149976,19394.463414620965,0.055501540382798614,0.0,0.19054797941178936,0.0,0.0131067461350156,0.47236762447685904,-0.028220056007332545,0.0
D16,0.5534973520744925,0.15446108106143985,203163,0.7469725772243465,0.38714637096054616,0.2706474019717209,ru,0.07754086623345029,0.6842032078410303,0.3526001788355519,0.0,0.17840326316194052,0.0,0.6673463712960888,0.4326957839163043,0.3897284715948392,0.0,water,2.0,0.0,0.07754086623345029,0.6842032078410303,3.138996141475073,0.016236707159837695,0.0,68565.45818801933,15753.43500658646,0.11409700981075063,0.0,0.030446425144024077,0.108000220552972,0.009445122438519747,0.6997745977691093,-0.0804974088758669,0.0
D02,0.8972138009695755,0.5148888202713703,496373,0.4485375634483857,0.22430473060634848,0.08246767210733333,en,0.324117400578515,0.0,0.6269501590340506,0.0,0.1879435179048875,0.827417605195881,0.44445789432939137,0.0,0.1856593713309008,0.0,health,4.0,0.0,0.1879435179048875,0.827417605195881,8.433396805649446,0.017301055973671632,0.0,38828.125077336335,46645.04390650136,0.12185950605375737,0.0,0.14648547941466164,0.02459995987296095,0.0405114681229445,0.8462483297762544,-0.08630373008607245,0.0
D17,0.9955002834343927,0.26759930456378545,392897,0.20256698947387125,0.2152614543365765,0.13067989213242417,zh,0.5111383784417174,0.0,0.04857332516769433,0.5228431890572801,0.4363640043194389,0.0,0.48490717254134297,0.7067532690226805,0.24149148499942766,0.0,roads,1.0,0.0,0.04857332516769433,0.5228431890572801,2.1493291367235985,0.0060071190980626145,0.0,36072.41513932204,6361.437912803866,0.03949069854799865,0.0,0.0,0.016871394357907243,0.0,0.5347422785013958,-0.09257053698219349,0.0
